[{"title":"Afghanistan","population":26813057,"currency_code":"AFA","currency":"Afghani ","nationality_plural":"Afghans","nationality_singular":"Afghan","continent":"Asia ","_id":1,"country":"Afghanistan","fips104":"AF","iso2":"AF","iso3":"AFG","ison":4,"internet":"AF","capital":"Kabul "},
{"title":"Albania","population":3510484,"currency_code":"ALL","currency":"Lek ","nationality_plural":"Albanians","nationality_singular":"Albanian","continent":"Europe ","_id":2,"country":"Albania","fips104":"AL","iso2":"AL","iso3":"ALB","ison":8,"internet":"AL","capital":"Tirana "},
{"title":"Algeria","population":31736053,"currency_code":"DZD","currency":"Algerian Dinar ","nationality_plural":"Algerians","nationality_singular":"Algerian","continent":"Africa ","_id":3,"country":"Algeria","fips104":"AG","iso2":"DZ","iso3":"DZA","ison":12,"internet":"DZ","capital":"Algiers "},
{"title":"American Samoa","population":67084,"currency_code":"USD","currency":"US Dollar","nationality_plural":"American Samoans","nationality_singular":"American Samoan","continent":"Oceania ","_id":4,"country":"American Samoa","fips104":"AQ","iso2":"AS","iso3":"ASM","ison":16,"internet":"AS","capital":"Pago Pago "},
{"title":"Andorra","population":67627,"currency_code":"EUR","currency":"Euro","nationality_plural":"Andorrans","nationality_singular":"Andorran","continent":"Europe ","_id":5,"country":"Andorra","fips104":"AN","iso2":"AD","iso3":"AND","ison":20,"internet":"AD","capital":"Andorra la Vella "},
{"title":"Angola","population":10366031,"currency_code":"AOA","currency":"Kwanza ","nationality_plural":"Angolans","nationality_singular":"Angolan","continent":"Africa ","_id":6,"country":"Angola","fips104":"AO","iso2":"AO","iso3":"AGO","ison":24,"internet":"AO","capital":"Luanda "},
{"title":"Anguilla","population":12132,"currency_code":"XCD","currency":"East Caribbean Dollar ","nationality_plural":"Anguillans","nationality_singular":"Anguillan","continent":"Central America and the Caribbean ","_id":7,"country":"Anguilla","fips104":"AV","iso2":"AI","iso3":"AIA","ison":660,"internet":"AI","capital":"The Valley "},
{"title":"Antarctica","population":0,"currency_code":"","currency":"","nationality_plural":"","nationality_singular":"","continent":"Antarctic Region ","_id":8,"country":"Antarctica","fips104":"AY","iso2":"AQ","iso3":"ATA","ison":10,"internet":"AQ","capital":""},
{"title":"Antigua and Barbuda","population":66970,"currency_code":"XCD","currency":"East Caribbean Dollar ","nationality_plural":"Antiguans and Barbudans","nationality_singular":"Antiguan and Barbudan","continent":"Central America and the Caribbean ","_id":9,"country":"Antigua and Barbuda","fips104":"AC","iso2":"AG","iso3":"ATG","ison":28,"internet":"AG","capital":"Saint John's "},
{"title":"Argentina","population":37384816,"currency_code":"ARS","currency":"Argentine Peso ","nationality_plural":"Argentines","nationality_singular":"Argentine","continent":"South America ","_id":10,"country":"Argentina","fips104":"AR","iso2":"AR","iso3":"ARG","ison":32,"internet":"AR","capital":"Buenos Aires "},
{"title":"Armenia","population":3336100,"currency_code":"AMD","currency":"Armenian Dram ","nationality_plural":"Armenians","nationality_singular":"Armenian","continent":"Commonwealth of Independent States ","_id":11,"country":"Armenia","fips104":"AM","iso2":"AM","iso3":"ARM","ison":51,"internet":"AM","capital":"Yerevan "},
{"title":"Aruba","population":70007,"currency_code":"AWG","currency":"Aruban Guilder","nationality_plural":"Arubans","nationality_singular":"Aruban","continent":"Central America and the Caribbean ","_id":12,"country":"Aruba","fips104":"AA","iso2":"AW","iso3":"ABW","ison":533,"internet":"AW","capital":"Oranjestad "},
{"title":"Ashmore and Cartier","population":0,"currency_code":"","currency":"","nationality_plural":"","nationality_singular":"","continent":"Southeast Asia ","_id":13,"country":"Ashmore and Cartier","fips104":"AT","iso2":"--","iso3":"-- ","ison":"--","internet":"--","capital":""},
{"title":"Australia","population":19357594,"currency_code":"AUD","currency":"Australian dollar ","nationality_plural":"Australians","nationality_singular":"Australian","continent":"Oceania ","_id":14,"country":"Australia","fips104":"AS","iso2":"AU","iso3":"AUS","ison":36,"internet":"AU","capital":"Canberra "},
{"title":"Austria","population":8150835,"currency_code":"EUR","currency":"Euro","nationality_plural":"Austrians","nationality_singular":"Austrian","continent":"Europe ","_id":15,"country":"Austria","fips104":"AU","iso2":"AT","iso3":"AUT","ison":40,"internet":"AT","capital":"Vienna "},
{"title":"Azerbaijan","population":7771092,"currency_code":"AZM","currency":"Azerbaijani Manat ","nationality_plural":"Azerbaijanis","nationality_singular":"Azerbaijani","continent":"Commonwealth of Independent States ","_id":16,"country":"Azerbaijan","fips104":"AJ","iso2":"AZ","iso3":"AZE","ison":31,"internet":"AZ","capital":"Baku (Baki) "},
{"title":"Bahrain","population":645361,"currency_code":"BHD","currency":"Bahraini Dinar ","nationality_plural":"Bahrainis","nationality_singular":"Bahraini","continent":"Middle East ","_id":18,"country":"Bahrain","fips104":"BA","iso2":"BH","iso3":"BHR","ison":48,"internet":"BH","capital":"Manama "},
{"title":"Baker Island","population":0,"currency_code":"","currency":"","nationality_plural":"","nationality_singular":"","continent":"Oceania ","_id":19,"country":"Baker Island","fips104":"FQ","iso2":"--","iso3":"-- ","ison":"--","internet":"--","capital":""},
{"title":"Bangladesh","population":131269860,"currency_code":"BDT","currency":"Taka ","nationality_plural":"Bangladeshis","nationality_singular":"Bangladeshi","continent":"Asia ","_id":20,"country":"Bangladesh","fips104":"BG","iso2":"BD","iso3":"BGD","ison":50,"internet":"BD","capital":"Dhaka "},
{"title":"Barbados","population":275330,"currency_code":"BBD","currency":"Barbados Dollar","nationality_plural":"Barbadians","nationality_singular":"Barbadian","continent":"Central America and the Caribbean ","_id":21,"country":"Barbados","fips104":"BB","iso2":"BB","iso3":"BRB","ison":52,"internet":"BB","capital":"Bridgetown "},
{"title":"Bassas da India","population":0,"currency_code":"","currency":"","nationality_plural":"","nationality_singular":"","continent":"Africa ","_id":22,"country":"Bassas da India","fips104":"BS","iso2":"--","iso3":"-- ","ison":"--","internet":"--","capital":""},
{"title":"Belarus","population":10350194,"currency_code":"BYR","currency":"Belarussian Ruble","nationality_plural":"Belarusians","nationality_singular":"Belarusian","continent":"Commonwealth of Independent States ","_id":23,"country":"Belarus","fips104":"BO","iso2":"BY","iso3":"BLR","ison":112,"internet":"BY","capital":"Minsk "},
{"title":"Belgium","population":10258762,"currency_code":"EUR","currency":"Euro","nationality_plural":"Belgians","nationality_singular":"Belgian","continent":"Europe ","_id":24,"country":"Belgium","fips104":"BE","iso2":"BE","iso3":"BEL","ison":56,"internet":"BE","capital":"Brussels "},
{"title":"Belize","population":256062,"currency_code":"BZD","currency":"Belize Dollar","nationality_plural":"Belizeans","nationality_singular":"Belizean","continent":"Central America and the Caribbean ","_id":25,"country":"Belize","fips104":"BH","iso2":"BZ","iso3":"BLZ","ison":84,"internet":"BZ","capital":"Belmopan "},
{"title":"Benin","population":6590782,"currency_code":"XOF","currency":"CFA Franc BCEAO","nationality_plural":"Beninese","nationality_singular":"Beninese","continent":"Africa ","_id":26,"country":"Benin","fips104":"BN","iso2":"BJ","iso3":"BEN","ison":204,"internet":"BJ","capital":"Porto-Novo  "},
{"title":"Bermuda","population":63503,"currency_code":"BMD","currency":"Bermudian Dollar ","nationality_plural":"Bermudians","nationality_singular":"Bermudian","continent":"North America ","_id":27,"country":"Bermuda","fips104":"BD","iso2":"BM","iso3":"BMU","ison":60,"internet":"BM","capital":"Hamilton "},
{"title":"Bhutan","population":2049412,"currency_code":"BTN","currency":"Ngultrum","nationality_plural":"Bhutanese","nationality_singular":"Bhutanese","continent":"Asia ","_id":28,"country":"Bhutan","fips104":"BT","iso2":"BT","iso3":"BTN","ison":64,"internet":"BT","capital":"Thimphu "},
{"title":"Bolivia","population":8300463,"currency_code":"BOB","currency":"Boliviano ","nationality_plural":"Bolivians","nationality_singular":"Bolivian","continent":"South America ","_id":29,"country":"Bolivia","fips104":"BL","iso2":"BO","iso3":"BOL","ison":68,"internet":"BO","capital":"La Paz /Sucre "},
{"title":"Bosnia and Herzegovina","population":3922205,"currency_code":"BAM","currency":"Convertible Marka","nationality_plural":"Bosnians and Herzegovinians","nationality_singular":"Bosnian and Herzegovinian","continent":"Bosnia and Herzegovina, Europe ","_id":30,"country":"Bosnia and Herzegovina","fips104":"BK","iso2":"BA","iso3":"BIH","ison":70,"internet":"BA","capital":"Sarajevo "},
{"title":"Botswana","population":1586119,"currency_code":"BWP","currency":"Pula ","nationality_plural":"Batswana","nationality_singular":"Motswana","continent":"Africa ","_id":31,"country":"Botswana","fips104":"BC","iso2":"BW","iso3":"BWA","ison":72,"internet":"BW","capital":"Gaborone "},
{"title":"Bouvet Island","population":0,"currency_code":"NOK","currency":"Norwegian Krone ","nationality_plural":"","nationality_singular":"","continent":"Antarctic Region ","_id":32,"country":"Bouvet Island","fips104":"BV","iso2":"BV","iso3":"BVT","ison":74,"internet":"BV","capital":""},
{"title":"Brazil","population":174468575,"currency_code":"BRL","currency":"Brazilian Real ","nationality_plural":"Brazilians","nationality_singular":"Brazilian","continent":"South America ","_id":33,"country":"Brazil","fips104":"BR","iso2":"BR","iso3":"BRA","ison":76,"internet":"BR","capital":"Brasilia "},
{"title":"The British Indian Ocean Territory","population":0,"currency_code":"USD","currency":"US Dollar","nationality_plural":"","nationality_singular":"","continent":"World ","_id":34,"country":"British Indian Ocean Territory","fips104":"IO","iso2":"IO","iso3":"IOT","ison":86,"internet":"IO","capital":""},
{"title":"The British Virgin Islands","population":20812,"currency_code":"USD","currency":"US Dollar","nationality_plural":"British Virgin Islanders","nationality_singular":"British Virgin Islander","continent":"Central America and the Caribbean ","_id":35,"country":"British Virgin Islands","fips104":"VI","iso2":"VG","iso3":"VGB","ison":92,"internet":"VG","capital":"Road Town "},
{"title":"Brunei","population":372361,"currency_code":"BND","currency":"Brunei Dollar","nationality_plural":"","nationality_singular":"","continent":"","_id":36,"country":"Brunei Darussalam","fips104":"BX","iso2":"BN","iso3":"BRN","ison":96,"internet":"BN","capital":""},
{"title":"Bulgaria","population":7707495,"currency_code":"BGN","currency":"Lev ","nationality_plural":"Bulgarians","nationality_singular":"Bulgarian","continent":"Europe ","_id":37,"country":"Bulgaria","fips104":"BU","iso2":"BG","iso3":"BGR","ison":100,"internet":"BG","capital":"Sofia "},
{"title":"Burkina Faso","population":12272289,"currency_code":"XOF","currency":"CFA Franc BCEAO","nationality_plural":"Burkinabe","nationality_singular":"Burkinabe","continent":"Africa ","_id":38,"country":"Burkina Faso","fips104":"UV","iso2":"BF","iso3":"BFA","ison":854,"internet":"BF","capital":"Ouagadougou "},
{"title":"Burma","population":41994678,"currency_code":"MMK","currency":"kyat ","nationality_plural":"Burmese","nationality_singular":"Burmese","continent":"Southeast Asia ","_id":39,"country":"Burma","fips104":"BM","iso2":"MM","iso3":"MMR","ison":104,"internet":"MM","capital":"Rangoon "},
{"title":"Burundi","population":6223897,"currency_code":"BIF","currency":"Burundi Franc ","nationality_plural":"Burundians","nationality_singular":"Burundi","continent":"Africa ","_id":40,"country":"Burundi","fips104":"BY","iso2":"BI","iso3":"BDI","ison":108,"internet":"BI","capital":"Bujumbura "},
{"title":"Cambodia","population":12491501,"currency_code":"KHR","currency":"Riel ","nationality_plural":"Cambodians","nationality_singular":"Cambodian","continent":"Southeast Asia ","_id":41,"country":"Cambodia","fips104":"CB","iso2":"KH","iso3":"KHM","ison":116,"internet":"KH","capital":"Phnom Penh "},
{"title":"Cameroon","population":15803220,"currency_code":"XAF","currency":"CFA Franc BEAC","nationality_plural":"Cameroonians","nationality_singular":"Cameroonian","continent":"Africa ","_id":42,"country":"Cameroon","fips104":"CM","iso2":"CM","iso3":"CMR","ison":120,"internet":"CM","capital":"Yaounde "},
{"title":"Canada","population":31592805,"currency_code":"CAD","currency":"Canadian Dollar ","nationality_plural":"Canadians","nationality_singular":"Canadian","continent":"North America ","_id":43,"country":"Canada","fips104":"CA","iso2":"CA","iso3":"CAN","ison":124,"internet":"CA","capital":"Ottawa "},
{"title":"Cape Verde","population":405163,"currency_code":"CVE","currency":"Cape Verdean Escudo ","nationality_plural":"Cape Verdeans","nationality_singular":"Cape Verdean","continent":"World ","_id":44,"country":"Cape Verde","fips104":"CV","iso2":"CV","iso3":"CPV","ison":132,"internet":"CV","capital":"Praia "},
{"title":"The Cayman Islands","population":35527,"currency_code":"KYD","currency":"Cayman Islands Dollar","nationality_plural":"Caymanians","nationality_singular":"Caymanian","continent":"Central America and the Caribbean ","_id":45,"country":"Cayman Islands","fips104":"CJ","iso2":"KY","iso3":"CYM","ison":136,"internet":"KY","capital":"George Town "},
{"title":"The Central African Republic","population":3576884,"currency_code":"XAF","currency":"CFA Franc BEAC","nationality_plural":"Central Africans","nationality_singular":"Central African","continent":"Africa ","_id":46,"country":"Central African Republic","fips104":"CT","iso2":"CF","iso3":"CAF","ison":140,"internet":"CF","capital":"Bangui "},
{"title":"Chad","population":8707078,"currency_code":"XAF","currency":"CFA Franc BEAC","nationality_plural":"Chadians","nationality_singular":"Chadian","continent":"Africa ","_id":47,"country":"Chad","fips104":"CD","iso2":"TD","iso3":"TCD","ison":148,"internet":"TD","capital":"N'Djamena "},
{"title":"Chile","population":15328467,"currency_code":"CLP","currency":"Chilean Peso ","nationality_plural":"Chileans","nationality_singular":"Chilean","continent":"South America ","_id":48,"country":"Chile","fips104":"CI","iso2":"CL","iso3":"CHL","ison":152,"internet":"CL","capital":"Santiago "},
{"title":"China","population":1273111290,"currency_code":"CNY","currency":"Yuan Renminbi","nationality_plural":"Chinese","nationality_singular":"Chinese","continent":"Asia ","_id":49,"country":"China","fips104":"CH","iso2":"CN","iso3":"CHN","ison":156,"internet":"CN","capital":"Beijing "},
{"title":"Christmas Island","population":2771,"currency_code":"AUD","currency":"Australian Dollar ","nationality_plural":"Christmas Islanders","nationality_singular":"Christmas Island","continent":"Southeast Asia ","_id":50,"country":"Christmas Island","fips104":"KT","iso2":"CX","iso3":"CXR","ison":162,"internet":"CX","capital":"The Settlement "},
{"title":"Clipperton Island","population":0,"currency_code":"","currency":"","nationality_plural":"","nationality_singular":"","continent":"World ","_id":51,"country":"Clipperton Island","fips104":"IP","iso2":"--","iso3":"-- ","ison":"--","internet":"--","capital":""},
{"title":"The Cocos Islands","population":633,"currency_code":"AUD","currency":"Australian Dollar ","nationality_plural":"Cocos Islanders","nationality_singular":"Cocos Islander","continent":"Southeast Asia ","_id":52,"country":"Cocos (Keeling) Islands","fips104":"CK","iso2":"CC","iso3":"CCK","ison":166,"internet":"CC","capital":"West Island "},
{"title":"Colombia","population":40349388,"currency_code":"COP","currency":"Colombian Peso ","nationality_plural":"Colombians","nationality_singular":"Colombian","continent":"South America, Central America and the Caribbean ","_id":53,"country":"Colombia","fips104":"CO","iso2":"CO","iso3":"COL","ison":170,"internet":"CO","capital":"Bogota "},
{"title":"Comoros","population":596202,"currency_code":"KMF","currency":"Comoro Franc","nationality_plural":"Comorans","nationality_singular":"Comoran","continent":"Africa ","_id":54,"country":"Comoros","fips104":"CN","iso2":"KM","iso3":"COM","ison":174,"internet":"KM","capital":"Moroni "},
{"title":"Democratic Republic of the Congo","population":53624718,"currency_code":"CDF","currency":"Franc Congolais","nationality_plural":"Congolese","nationality_singular":"Congolese","continent":"Africa ","_id":55,"country":"Congo, Democratic Republic of the","fips104":"CG","iso2":"CD","iso3":"COD","ison":180,"internet":"CD","capital":"Kinshasa "},
{"title":"Republic of the Congo","population":2894336,"currency_code":"XAF","currency":"CFA Franc BEAC","nationality_plural":"Congolese","nationality_singular":"Congolese","continent":"Africa ","_id":56,"country":"Congo, Republic of the","fips104":"CF","iso2":"CG","iso3":"COG","ison":178,"internet":"CG","capital":"Brazzaville "},
{"title":"The Cook Islands","population":20611,"currency_code":"NZD","currency":"New Zealand Dollar ","nationality_plural":"Cook Islanders","nationality_singular":"Cook Islander","continent":"Oceania ","_id":57,"country":"Cook Islands","fips104":"CW","iso2":"CK","iso3":"COK","ison":184,"internet":"CK","capital":"Avarua "},
{"title":"The Coral Sea Islands","population":0,"currency_code":"","currency":"","nationality_plural":"","nationality_singular":"","continent":"Oceania ","_id":58,"country":"Coral Sea Islands","fips104":"CR","iso2":"--","iso3":"-- ","ison":"--","internet":"--","capital":""},
{"title":"Costa Rica","population":3773057,"currency_code":"CRC","currency":"Costa Rican Colon","nationality_plural":"Costa Ricans","nationality_singular":"Costa Rican","continent":"Central America and the Caribbean ","_id":59,"country":"Costa Rica","fips104":"CS","iso2":"CR","iso3":"CRI","ison":188,"internet":"CR","capital":"San Jose "},
{"title":"Cote d'Ivoire","population":16393221,"currency_code":"XOF","currency":"CFA Franc BCEAO","nationality_plural":"Ivorians","nationality_singular":"Ivorian","continent":"Africa ","_id":60,"country":"Cote d'Ivoire","fips104":"IV","iso2":"CI","iso3":"CIV","ison":384,"internet":"CI","capital":"Yamoussoukro"},
{"title":"Croatia","population":4334142,"currency_code":"HRK","currency":"Kuna","nationality_plural":"Croats","nationality_singular":"Croatian","continent":"Europe ","_id":61,"country":"Croatia","fips104":"HR","iso2":"HR","iso3":"HRV","ison":191,"internet":"HR","capital":"Zagreb "},
{"title":"Cuba","population":11184023,"currency_code":"CUP","currency":"Cuban Peso","nationality_plural":"Cubans","nationality_singular":"Cuban","continent":"Central America and the Caribbean ","_id":62,"country":"Cuba","fips104":"CU","iso2":"CU","iso3":"CUB","ison":192,"internet":"CU","capital":"Havana "},
{"title":"Cyprus","population":762887,"currency_code":"CYP","currency":"Cyprus Pound","nationality_plural":"Cypriots","nationality_singular":"Cypriot","continent":"Middle East ","_id":63,"country":"Cyprus","fips104":"CY","iso2":"CY","iso3":"CYP","ison":196,"internet":"CY","capital":"Nicosia "},
{"title":"The Czech Republic","population":10264212,"currency_code":"CZK","currency":"Czech Koruna","nationality_plural":"Czechs","nationality_singular":"Czech","continent":"Europe ","_id":64,"country":"Czech Republic","fips104":"EZ","iso2":"CZ","iso3":"CZE","ison":203,"internet":"CZ","capital":"Prague "},
{"title":"Denmark","population":5352815,"currency_code":"DKK","currency":"Danish Krone","nationality_plural":"Danes","nationality_singular":"Danish","continent":"Europe ","_id":65,"country":"Denmark","fips104":"DA","iso2":"DK","iso3":"DNK","ison":208,"internet":"DK","capital":"Copenhagen "},
{"title":"Djibouti","population":460700,"currency_code":"DJF","currency":"Djibouti Franc","nationality_plural":"Djiboutians","nationality_singular":"Djiboutian","continent":"Africa ","_id":66,"country":"Djibouti","fips104":"DJ","iso2":"DJ","iso3":"DJI","ison":262,"internet":"DJ","capital":"Djibouti "},
{"title":"Dominica","population":70786,"currency_code":"XCD","currency":"East Caribbean Dollar","nationality_plural":"Dominicans","nationality_singular":"Dominican","continent":"Central America and the Caribbean ","_id":67,"country":"Dominica","fips104":"DO","iso2":"DM","iso3":"DMA","ison":212,"internet":"DM","capital":"Roseau "},
{"title":"The Dominican Republic","population":8581477,"currency_code":"DOP","currency":"Dominican Peso","nationality_plural":"Dominicans","nationality_singular":"Dominican","continent":"Central America and the Caribbean ","_id":68,"country":"Dominican Republic","fips104":"DR","iso2":"DO","iso3":"DOM","ison":214,"internet":"DO","capital":"Santo Domingo "},
{"title":"East Timor","population":1040880,"currency_code":"TPE","currency":"Timor Escudo","nationality_plural":"","nationality_singular":"","continent":"","_id":69,"country":"East Timor","fips104":"TT","iso2":"TL","iso3":"TLS","ison":626,"internet":"TP","capital":""},
{"title":"Ecuador","population":13183978,"currency_code":"USD","currency":"US Dollar","nationality_plural":"Ecuadorians","nationality_singular":"Ecuadorian","continent":"South America ","_id":70,"country":"Ecuador","fips104":"EC","iso2":"EC","iso3":"ECU","ison":218,"internet":"EC","capital":"Quito "},
{"title":"Egypt","population":69536644,"currency_code":"EGP","currency":"Egyptian Pound ","nationality_plural":"Egyptians","nationality_singular":"Egyptian","continent":"Africa ","_id":71,"country":"Egypt","fips104":"EG","iso2":"EG","iso3":"EGY","ison":818,"internet":"EG","capital":"Cairo "},
{"title":"El Salvador","population":6237662,"currency_code":"SVC","currency":"El Salvador Colon","nationality_plural":"Salvadorans","nationality_singular":"Salvadoran","continent":"Central America and the Caribbean ","_id":72,"country":"El Salvador","fips104":"ES","iso2":"SV","iso3":"SLV","ison":222,"internet":"SV","capital":"San Salvador "},
{"title":"Equatorial Guinea","population":486060,"currency_code":"XAF","currency":"CFA Franc BEAC","nationality_plural":"Equatorial Guineans","nationality_singular":"Equatorial Guinean","continent":"Africa ","_id":73,"country":"Equatorial Guinea","fips104":"EK","iso2":"GQ","iso3":"GNQ","ison":226,"internet":"GQ","capital":"Malabo "},
{"title":"Eritrea","population":4298269,"currency_code":"ERN","currency":"Nakfa","nationality_plural":"Eritreans","nationality_singular":"Eritrean","continent":"Africa ","_id":74,"country":"Eritrea","fips104":"ER","iso2":"ER","iso3":"ERI","ison":232,"internet":"ER","capital":"Asmara "},
{"title":"Estonia","population":1423316,"currency_code":"EEK","currency":"Kroon","nationality_plural":"Estonians","nationality_singular":"Estonian","continent":"Europe ","_id":75,"country":"Estonia","fips104":"EN","iso2":"EE","iso3":"EST","ison":233,"internet":"EE","capital":"Tallinn "},
{"title":"Ethiopia","population":65891874,"currency_code":"ETB","currency":"Ethiopian Birr","nationality_plural":"Ethiopians","nationality_singular":"Ethiopian","continent":"Africa ","_id":76,"country":"Ethiopia","fips104":"ET","iso2":"ET","iso3":"ETH","ison":231,"internet":"ET","capital":"Addis Ababa "},
{"title":"Europa Island","population":0,"currency_code":"","currency":"","nationality_plural":"","nationality_singular":"","continent":"Africa ","_id":77,"country":"Europa Island","fips104":"EU","iso2":"--","iso3":"-- ","ison":"--","internet":"--","capital":""},
{"title":"The Falkland Islands ","population":2895,"currency_code":"FKP","currency":"Falkland Islands Pound","nationality_plural":"Falkland Islanders","nationality_singular":"Falkland Island","continent":"South America","_id":78,"country":"Falkland Islands (Islas Malvinas)","fips104":"FK","iso2":"FK","iso3":"FLK","ison":238,"internet":"FK","capital":"Stanley"},
{"title":"The Faroe Islands","population":45661,"currency_code":"DKK","currency":"Danish Krone ","nationality_plural":"Faroese","nationality_singular":"Faroese","continent":"Europe ","_id":79,"country":"Faroe Islands","fips104":"FO","iso2":"FO","iso3":"FRO","ison":234,"internet":"FO","capital":"Torshavn "},
{"title":"Fiji","population":844330,"currency_code":"FJD","currency":"Fijian Dollar ","nationality_plural":"Fijians","nationality_singular":"Fijian","continent":"Oceania ","_id":80,"country":"Fiji","fips104":"FJ","iso2":"FJ","iso3":"FJI","ison":242,"internet":"FJ","capital":"Suva "},
{"title":"Finland","population":5175783,"currency_code":"EUR","currency":"Euro","nationality_plural":"Finns","nationality_singular":"Finnish","continent":"Europe ","_id":81,"country":"Finland","fips104":"FI","iso2":"FI","iso3":"FIN","ison":246,"internet":"FI","capital":"Helsinki "},
{"title":"France","population":59551227,"currency_code":"EUR","currency":"Euro","nationality_plural":"Frenchmen","nationality_singular":"Frenchman","continent":"Europe ","_id":82,"country":"France","fips104":"FR","iso2":"FR","iso3":"FRA","ison":250,"internet":"FR","capital":"Paris "},
{"title":"Metropolitan France","population":0,"currency_code":"EUR","currency":"Euro","nationality_plural":"","nationality_singular":"","continent":"","_id":83,"country":"France, Metropolitan","fips104":"--","iso2":"--","iso3":"-- ","ison":"--","internet":"FX","capital":""},
{"title":"French Guiana","population":177562,"currency_code":"EUR","currency":"Euro","nationality_plural":"French Guianese","nationality_singular":"French Guianese","continent":"South America ","_id":84,"country":"French Guiana","fips104":"FG","iso2":"GF","iso3":"GUF","ison":254,"internet":"GF","capital":"Cayenne "},
{"title":"French Polynesia","population":253506,"currency_code":"XPF","currency":"CFP Franc","nationality_plural":"French Polynesians","nationality_singular":"French Polynesian","continent":"Oceania ","_id":85,"country":"French Polynesia","fips104":"FP","iso2":"PF","iso3":"PYF","ison":258,"internet":"PF","capital":"Papeete "},
{"title":"The French Southern and Antarctic Lands","population":0,"currency_code":"EUR","currency":"Euro","nationality_plural":"","nationality_singular":"","continent":"Antarctic Region ","_id":86,"country":"French Southern and Antarctic Lands","fips104":"FS","iso2":"TF","iso3":"ATF","ison":260,"internet":"TF","capital":""},
{"title":"Gabon","population":1221175,"currency_code":"XAF","currency":"CFA Franc BEAC","nationality_plural":"Gabonese","nationality_singular":"Gabonese","continent":"Africa ","_id":87,"country":"Gabon","fips104":"GB","iso2":"GA","iso3":"GAB","ison":266,"internet":"GA","capital":"Libreville "},
{"title":"The Gaza Strip","population":1178119,"currency_code":"ILS","currency":"New Israeli Shekel ","nationality_plural":"","nationality_singular":"","continent":"Middle East ","_id":89,"country":"Gaza Strip","fips104":"GZ","iso2":"--","iso3":"-- ","ison":"--","internet":"--","capital":""},
{"title":"Georgia","population":4989285,"currency_code":"GEL","currency":"Lari","nationality_plural":"Georgians","nationality_singular":"Georgian","continent":"Commonwealth of Independent States ","_id":90,"country":"Georgia","fips104":"GG","iso2":"GE","iso3":"GEO","ison":268,"internet":"GE","capital":"T'bilisi "},
{"title":"Deutschland","population":83029536,"currency_code":"EUR","currency":"Euro","nationality_plural":"Germans","nationality_singular":"German","continent":"Europe ","_id":91,"country":"Germany","fips104":"GM","iso2":"DE","iso3":"DEU","ison":276,"internet":"DE","capital":"Berlin "},
{"title":"Ghana","population":19894014,"currency_code":"GHC","currency":"Cedi","nationality_plural":"Ghanaians","nationality_singular":"Ghanaian","continent":"Africa ","_id":92,"country":"Ghana","fips104":"GH","iso2":"GH","iso3":"GHA","ison":288,"internet":"GH","capital":"Accra "},
{"title":"Gibraltar","population":27649,"currency_code":"GIP","currency":"Gibraltar Pound","nationality_plural":"Gibraltarians","nationality_singular":"Gibraltar","continent":"Europe ","_id":93,"country":"Gibraltar","fips104":"GI","iso2":"GI","iso3":"GIB","ison":292,"internet":"GI","capital":"Gibraltar "},
{"title":"The Glorioso Islands","population":0,"currency_code":"","currency":"","nationality_plural":"","nationality_singular":"","continent":"Africa ","_id":94,"country":"Glorioso Islands","fips104":"GO","iso2":"--","iso3":"-- ","ison":"--","internet":"--","capital":""},
{"title":"Greece","population":10623835,"currency_code":"EUR","currency":"Euro","nationality_plural":"Greeks","nationality_singular":"Greek","continent":"Europe ","_id":95,"country":"Greece","fips104":"GR","iso2":"GR","iso3":"GRC","ison":300,"internet":"GR","capital":"Athens "},
{"title":"Greenland","population":56352,"currency_code":"DKK","currency":"Danish Krone","nationality_plural":"Greenlanders","nationality_singular":"Greenlandic","continent":"Arctic Region ","_id":96,"country":"Greenland","fips104":"GL","iso2":"GL","iso3":"GRL","ison":304,"internet":"GL","capital":"Nuuk "},
{"title":"Grenada","population":89227,"currency_code":"XCD","currency":"East Caribbean Dollar","nationality_plural":"Grenadians","nationality_singular":"Grenadian","continent":"Central America and the Caribbean ","_id":97,"country":"Grenada","fips104":"GJ","iso2":"GD","iso3":"GRD","ison":308,"internet":"GD","capital":"Saint George's "},
{"title":"Guadeloupe","population":431170,"currency_code":"EUR","currency":"Euro","nationality_plural":"Guadeloupians","nationality_singular":"Guadeloupe","continent":"Central America and the Caribbean ","_id":98,"country":"Guadeloupe","fips104":"GP","iso2":"GP","iso3":"GLP","ison":312,"internet":"GP","capital":"Basse-Terre "},
{"title":"Guam","population":157557,"currency_code":"USD","currency":"US Dollar","nationality_plural":"Guamanians","nationality_singular":"Guamanian","continent":"Oceania ","_id":99,"country":"Guam","fips104":"GQ","iso2":"GU","iso3":"GUM","ison":316,"internet":"GU","capital":"Hagatna"},
{"title":"Guatemala","population":12974361,"currency_code":"GTQ","currency":"Quetzal","nationality_plural":"Guatemalans","nationality_singular":"Guatemalan","continent":"Central America and the Caribbean ","_id":100,"country":"Guatemala","fips104":"GT","iso2":"GT","iso3":"GTM","ison":320,"internet":"GT","capital":"Guatemala "},
{"title":"Guernsey","population":64342,"currency_code":"GBP","currency":"Pound Sterling","nationality_plural":"Channel Islanders","nationality_singular":"Channel Islander","continent":"Europe ","_id":101,"country":"Guernsey","fips104":"GK","iso2":"--","iso3":"-- ","ison":"--","internet":"GG","capital":"Saint Peter Port "},
{"title":"Guinea","population":7613870,"currency_code":"GNF","currency":"Guinean Franc ","nationality_plural":"Guineans","nationality_singular":"Guinean","continent":"Africa ","_id":102,"country":"Guinea","fips104":"GV","iso2":"GN","iso3":"GIN","ison":324,"internet":"GN","capital":"Conakry "},
{"title":"Guinea-Bissau","population":1315822,"currency_code":"XOF","currency":"CFA Franc BCEAO","nationality_plural":"Guineans","nationality_singular":"Guinean","continent":"Africa ","_id":103,"country":"Guinea-Bissau","fips104":"PU","iso2":"GW","iso3":"GNB","ison":624,"internet":"GW","capital":"Bissau "},
{"title":"Guyana","population":697181,"currency_code":"GYD","currency":"Guyana Dollar","nationality_plural":"Guyanese","nationality_singular":"Guyanese","continent":"South America ","_id":104,"country":"Guyana","fips104":"GY","iso2":"GY","iso3":"GUY","ison":328,"internet":"GY","capital":"Georgetown "},
{"title":"Haiti","population":6964549,"currency_code":"HTG","currency":"Gourde","nationality_plural":"Haitians","nationality_singular":"Haitian","continent":"Central America and the Caribbean ","_id":105,"country":"Haiti","fips104":"HA","iso2":"HT","iso3":"HTI","ison":332,"internet":"HT","capital":"Port-au-Prince "},
{"title":"The Heard Island and McDonald Islands","population":0,"currency_code":"AUD","currency":"Australian Dollar","nationality_plural":"","nationality_singular":"","continent":"Antarctic Region ","_id":106,"country":"Heard Island and McDonald Islands","fips104":"HM","iso2":"HM","iso3":"HMD","ison":334,"internet":"HM","capital":""},
{"title":"The Vatican City","population":890,"currency_code":"EUR","currency":"Euro","nationality_plural":"","nationality_singular":"","continent":"Europe ","_id":107,"country":"Holy See (Vatican City)","fips104":"VT","iso2":"VA","iso3":"VAT","ison":336,"internet":"VA","capital":"Vatican City "},
{"title":"Honduras","population":6406052,"currency_code":"HNL","currency":"Lempira","nationality_plural":"Hondurans","nationality_singular":"Honduran","continent":"Central America and the Caribbean ","_id":108,"country":"Honduras","fips104":"HO","iso2":"HN","iso3":"HND","ison":340,"internet":"HN","capital":"Tegucigalpa "},
{"title":"Xianggang ","population":0,"currency_code":"HKD","currency":"Hong Kong Dollar ","nationality_plural":"","nationality_singular":"","continent":"Southeast Asia ","_id":109,"country":"Hong Kong (SAR)","fips104":"HK","iso2":"HK","iso3":"HKG","ison":344,"internet":"HK","capital":""},
{"title":"Howland Island","population":7210505,"currency_code":"","currency":"","nationality_plural":"","nationality_singular":"","continent":"Oceania ","_id":110,"country":"Howland Island","fips104":"HQ","iso2":"--","iso3":"-- ","ison":"--","internet":"--","capital":""},
{"title":"Hungary","population":10106017,"currency_code":"HUF","currency":"Forint","nationality_plural":"Hungarians","nationality_singular":"Hungarian","continent":"Europe ","_id":111,"country":"Hungary","fips104":"HU","iso2":"HU","iso3":"HUN","ison":348,"internet":"HU","capital":"Budapest "},
{"title":"Iceland","population":277906,"currency_code":"ISK","currency":"Iceland Krona","nationality_plural":"Icelanders","nationality_singular":"Icelandic","continent":"Arctic Region ","_id":112,"country":"Iceland","fips104":"IC","iso2":"IS","iso3":"ISL","ison":352,"internet":"IS","capital":"Reykjavik "},
{"title":"India","population":1029991145,"currency_code":"INR","currency":"Indian Rupee ","nationality_plural":"Indians","nationality_singular":"Indian","continent":"Asia ","_id":113,"country":"India","fips104":"IN","iso2":"IN","iso3":"IND","ison":356,"internet":"IN","capital":"New Delhi "},
{"title":"Indonesia","population":228437870,"currency_code":"IDR","currency":"Rupiah","nationality_plural":"Indonesians","nationality_singular":"Indonesian","continent":"Southeast Asia ","_id":114,"country":"Indonesia","fips104":"ID","iso2":"ID","iso3":"IDN","ison":360,"internet":"ID","capital":"Jakarta "},
{"title":"Iran","population":66128965,"currency_code":"IRR","currency":"Iranian Rial","nationality_plural":"Iranians","nationality_singular":"Iranian","continent":"Middle East ","_id":115,"country":"Iran","fips104":"IR","iso2":"IR","iso3":"IRN","ison":364,"internet":"IR","capital":"Tehran "},
{"title":"Iraq","population":23331985,"currency_code":"IQD","currency":"Iraqi Dinar","nationality_plural":"Iraqis","nationality_singular":"Iraqi","continent":"Middle East ","_id":116,"country":"Iraq","fips104":"IZ","iso2":"IQ","iso3":"IRQ","ison":368,"internet":"IQ","capital":"Baghdad "},
{"title":"Ireland","population":3840838,"currency_code":"EUR","currency":"Euro","nationality_plural":"Irishmen","nationality_singular":"Irish","continent":"Europe ","_id":117,"country":"Ireland","fips104":"EI","iso2":"IE","iso3":"IRL","ison":372,"internet":"IE","capital":"Dublin "},
{"title":"Israel","population":5938093,"currency_code":"ILS","currency":"New Israeli Sheqel","nationality_plural":"Israelis","nationality_singular":"Israeli","continent":"Middle East ","_id":118,"country":"Israel","fips104":"IS","iso2":"IL","iso3":"ISR","ison":376,"internet":"IL","capital":"Jerusalem"},
{"title":"Italia ","population":57679825,"currency_code":"EUR","currency":"Euro","nationality_plural":"Italians","nationality_singular":"Italian","continent":"Europe ","_id":119,"country":"Italy","fips104":"IT","iso2":"IT","iso3":"ITA","ison":380,"internet":"IT","capital":"Rome "},
{"title":"Jamaica","population":2665636,"currency_code":"JMD","currency":"Jamaican dollar ","nationality_plural":"Jamaicans","nationality_singular":"Jamaican","continent":"Central America and the Caribbean ","_id":120,"country":"Jamaica","fips104":"JM","iso2":"JM","iso3":"JAM","ison":388,"internet":"JM","capital":"Kingston "},
{"title":"Jan Mayen","population":0,"currency_code":"NOK","currency":"Norway Kroner","nationality_plural":"","nationality_singular":"","continent":"Arctic Region ","_id":121,"country":"Jan Mayen","fips104":"JN","iso2":"--","iso3":"-- ","ison":"--","internet":"--","capital":""},
{"title":"Japan","population":126771662,"currency_code":"JPY","currency":"Yen ","nationality_plural":"Japanese","nationality_singular":"Japanese","continent":"Asia ","_id":122,"country":"Japan","fips104":"JA","iso2":"JP","iso3":"JPN","ison":392,"internet":"JP","capital":"Tokyo "},
{"title":"Jarvis Island","population":0,"currency_code":"","currency":"","nationality_plural":"","nationality_singular":"","continent":"Oceania ","_id":123,"country":"Jarvis Island","fips104":"DQ","iso2":"--","iso3":"-- ","ison":"--","internet":"--","capital":""},
{"title":"Jersey","population":89361,"currency_code":"GBP","currency":"Pound Sterling","nationality_plural":"Channel Islanders","nationality_singular":"Channel Islander","continent":"Europe ","_id":124,"country":"Jersey","fips104":"JE","iso2":"--","iso3":"-- ","ison":"--","internet":"JE","capital":"Saint Helier "},
{"title":"Johnston Atoll","population":0,"currency_code":"","currency":"","nationality_plural":"","nationality_singular":"","continent":"Oceania ","_id":125,"country":"Johnston Atoll","fips104":"JQ","iso2":"--","iso3":"-- ","ison":"--","internet":"--","capital":""},
{"title":"Jordan","population":5153378,"currency_code":"JOD","currency":"Jordanian Dinar","nationality_plural":"Jordanians","nationality_singular":"Jordanian","continent":"Middle East ","_id":126,"country":"Jordan","fips104":"JO","iso2":"JO","iso3":"JOR","ison":400,"internet":"JO","capital":"Amman "},
{"title":"Juan de Nova Island","population":0,"currency_code":"","currency":"","nationality_plural":"","nationality_singular":"","continent":"Africa ","_id":127,"country":"Juan de Nova Island","fips104":"JU","iso2":"--","iso3":"-- ","ison":"--","internet":"--","capital":""},
{"title":"Kazakhstan","population":16731303,"currency_code":"KZT","currency":"Tenge","nationality_plural":"Kazakhstanis","nationality_singular":"Kazakhstani","continent":"Commonwealth of Independent States ","_id":128,"country":"Kazakhstan","fips104":"KZ","iso2":"KZ","iso3":"KAZ","ison":398,"internet":"KZ","capital":"Astana "},
{"title":"Kenya","population":30765916,"currency_code":"KES","currency":"Kenyan shilling ","nationality_plural":"Kenyans","nationality_singular":"Kenyan","continent":"Africa ","_id":129,"country":"Kenya","fips104":"KE","iso2":"KE","iso3":"KEN","ison":404,"internet":"KE","capital":"Nairobi "},
{"title":"Kingman Reef","population":0,"currency_code":"","currency":"","nationality_plural":"","nationality_singular":"","continent":"Oceania ","_id":130,"country":"Kingman Reef","fips104":"KQ","iso2":"--","iso3":"-- ","ison":"--","internet":"--","capital":""},
{"title":"Kiribati","population":94149,"currency_code":"AUD","currency":"Australian dollar ","nationality_plural":"I-Kiribati","nationality_singular":"I-Kiribati","continent":"Oceania ","_id":131,"country":"Kiribati","fips104":"KR","iso2":"KI","iso3":"KIR","ison":296,"internet":"KI","capital":"Tarawa "},
{"title":"North Korea","population":21968228,"currency_code":"KPW","currency":"North Korean Won","nationality_plural":"Koreans","nationality_singular":"Korean","continent":"Asia ","_id":132,"country":"Korea, North","fips104":"KN","iso2":"KP","iso3":"PRK","ison":408,"internet":"KP","capital":"P'yongyang "},
{"title":"South Korea","population":47904370,"currency_code":"KRW","currency":"Won","nationality_plural":"Koreans","nationality_singular":"Korean","continent":"Asia ","_id":133,"country":"Korea, South","fips104":"KS","iso2":"KR","iso3":"KOR","ison":410,"internet":"KR","capital":"Seoul "},
{"title":"Al Kuwayt","population":2041961,"currency_code":"KWD","currency":"Kuwaiti Dinar","nationality_plural":"Kuwaitis","nationality_singular":"Kuwaiti","continent":"Middle East ","_id":134,"country":"Kuwait","fips104":"KU","iso2":"KW","iso3":"KWT","ison":414,"internet":"KW","capital":"Kuwait "},
{"title":"Kyrgyzstan","population":4753003,"currency_code":"KGS","currency":"Som","nationality_plural":"Kyrgyzstanis","nationality_singular":"Kyrgyzstani","continent":"Commonwealth of Independent States ","_id":135,"country":"Kyrgyzstan","fips104":"KG","iso2":"KG","iso3":"KGZ","ison":417,"internet":"KG","capital":"Bishkek "},
{"title":"Laos","population":5635967,"currency_code":"LAK","currency":"Kip","nationality_plural":"Laos","nationality_singular":"Lao","continent":"Southeast Asia ","_id":136,"country":"Laos","fips104":"LA","iso2":"LA","iso3":"LAO","ison":418,"internet":"LA","capital":"Vientiane "},
{"title":"Latvia","population":2385231,"currency_code":"LVL","currency":"Latvian Lats","nationality_plural":"Latvians","nationality_singular":"Latvian","continent":"Europe ","_id":137,"country":"Latvia","fips104":"LG","iso2":"LV","iso3":"LVA","ison":428,"internet":"LV","capital":"Riga "},
{"title":"Lebanon","population":3627774,"currency_code":"LBP","currency":"Lebanese Pound","nationality_plural":"Lebanese","nationality_singular":"Lebanese","continent":"Middle East ","_id":138,"country":"Lebanon","fips104":"LE","iso2":"LB","iso3":"LBN","ison":422,"internet":"LB","capital":"Beirut "},
{"title":"Lesotho","population":2177062,"currency_code":"LSL","currency":"Loti","nationality_plural":"Mosotho","nationality_singular":"Basotho","continent":"Africa ","_id":139,"country":"Lesotho","fips104":"LT","iso2":"LS","iso3":"LSO","ison":426,"internet":"LS","capital":"Maseru "},
{"title":"Liberia","population":3225837,"currency_code":"LRD","currency":"Liberian Dollar","nationality_plural":"Liberians","nationality_singular":"Liberian","continent":"Africa ","_id":140,"country":"Liberia","fips104":"LI","iso2":"LR","iso3":"LBR","ison":430,"internet":"LR","capital":"Monrovia "},
{"title":"Libya","population":5240599,"currency_code":"LYD","currency":"Libyan Dinar","nationality_plural":"Libyans","nationality_singular":"Libyan","continent":"Africa ","_id":141,"country":"Libya","fips104":"LY","iso2":"LY","iso3":"LBY","ison":434,"internet":"LY","capital":"Tripoli "},
{"title":"Liechtenstein","population":32528,"currency_code":"CHF","currency":"Swiss Franc","nationality_plural":"Liechtensteiners","nationality_singular":"Liechtenstein","continent":"Europe ","_id":142,"country":"Liechtenstein","fips104":"LS","iso2":"LI","iso3":"LIE","ison":438,"internet":"LI","capital":"Vaduz "},
{"title":"Lithuania","population":3610535,"currency_code":"LTL","currency":"Lithuanian Litas","nationality_plural":"Lithuanians","nationality_singular":"Lithuanian","continent":"Europe ","_id":143,"country":"Lithuania","fips104":"LH","iso2":"LT","iso3":"LTU","ison":440,"internet":"LT","capital":"Vilnius "},
{"title":"Luxembourg","population":442972,"currency_code":"EUR","currency":"Euro","nationality_plural":"Luxembourgers","nationality_singular":"Luxembourg","continent":"Europe ","_id":144,"country":"Luxembourg","fips104":"LU","iso2":"LU","iso3":"LUX","ison":442,"internet":"LU","capital":"Luxembourg "},
{"title":"Macao","population":453733,"currency_code":"MOP","currency":"Pataca","nationality_plural":"Chinese","nationality_singular":"Chinese","continent":"Southeast Asia ","_id":145,"country":"Macao","fips104":"MC","iso2":"MO","iso3":"MAC","ison":446,"internet":"MO","capital":""},
{"title":"Makedonija","population":2046209,"currency_code":"MKD","currency":"Denar","nationality_plural":"Macedonians","nationality_singular":"Macedonian","continent":"Europe ","_id":146,"country":"Macedonia, The Former Yugoslav Republic of","fips104":"MK","iso2":"MK","iso3":"MKD","ison":807,"internet":"MK","capital":"Skopje "},
{"title":"Madagascar","population":15982563,"currency_code":"MGF","currency":"Malagasy Franc","nationality_plural":"Malagasy","nationality_singular":"Malagasy","continent":"Africa ","_id":147,"country":"Madagascar","fips104":"MA","iso2":"MG","iso3":"MDG","ison":450,"internet":"MG","capital":"Antananarivo "},
{"title":"Malawi","population":10548250,"currency_code":"MWK","currency":"Kwacha","nationality_plural":"Malawians","nationality_singular":"Malawian","continent":"Africa ","_id":148,"country":"Malawi","fips104":"MI","iso2":"MW","iso3":"MWI","ison":454,"internet":"MW","capital":"Lilongwe "},
{"title":"Malaysia","population":22229040,"currency_code":"MYR","currency":"Malaysian Ringgit","nationality_plural":"Malaysians","nationality_singular":"Malaysian","continent":"Southeast Asia ","_id":149,"country":"Malaysia","fips104":"MY","iso2":"MY","iso3":"MYS","ison":458,"internet":"MY","capital":"Kuala Lumpur "},
{"title":"Maldives","population":310764,"currency_code":"MVR","currency":"Rufiyaa","nationality_plural":"Maldivians","nationality_singular":"Maldivian","continent":"Asia ","_id":150,"country":"Maldives","fips104":"MV","iso2":"MV","iso3":"MDV","ison":462,"internet":"MV","capital":"Male "},
{"title":"Mali","population":11008518,"currency_code":"XOF","currency":"CFA Franc BCEAO","nationality_plural":"Malians","nationality_singular":"Malian","continent":"Africa ","_id":151,"country":"Mali","fips104":"ML","iso2":"ML","iso3":"MLI","ison":466,"internet":"ML","capital":"Bamako "},
{"title":"Malta","population":394583,"currency_code":"EUR","currency":"Euro","nationality_plural":"Maltese","nationality_singular":"Maltese","continent":"Europe ","_id":152,"country":"Malta","fips104":"MT","iso2":"MT","iso3":"MLT","ison":470,"internet":"MT","capital":"Valletta "},
{"title":"The Isle of Man","population":73489,"currency_code":"GBP","currency":"Pound Sterling","nationality_plural":"Manxmen","nationality_singular":"Manxman","continent":"Europe ","_id":153,"country":"Man, Isle of","fips104":"IM","iso2":"--","iso3":"-- ","ison":"--","internet":"IM","capital":"Douglas "},
{"title":"The Marshall Islands","population":70822,"currency_code":"USD","currency":"US Dollar","nationality_plural":"Marshallese","nationality_singular":"Marshallese","continent":"Oceania ","_id":154,"country":"Marshall Islands","fips104":"RM","iso2":"MH","iso3":"MHL","ison":584,"internet":"MH","capital":"Majuro "},
{"title":"Martinique","population":418454,"currency_code":"EUR","currency":"Euro","nationality_plural":"Martiniquais","nationality_singular":"Martiniquais","continent":"Central America and the Caribbean ","_id":155,"country":"Martinique","fips104":"MB","iso2":"MQ","iso3":"MTQ","ison":474,"internet":"MQ","capital":"Fort-de-France "},
{"title":"Mauritania","population":2747312,"currency_code":"MRO","currency":"Ouguiya","nationality_plural":"Mauritanians","nationality_singular":"Mauritanian","continent":"Africa ","_id":156,"country":"Mauritania","fips104":"MR","iso2":"MR","iso3":"MRT","ison":478,"internet":"MR","capital":"Nouakchott "},
{"title":"Mauritius","population":1189825,"currency_code":"MUR","currency":"Mauritius Rupee","nationality_plural":"Mauritians","nationality_singular":"Mauritian","continent":"World ","_id":157,"country":"Mauritius","fips104":"MP","iso2":"MU","iso3":"MUS","ison":480,"internet":"MU","capital":"Port Louis "},
{"title":"Mayotte","population":163366,"currency_code":"EUR","currency":"Euro","nationality_plural":"Mahorais","nationality_singular":"Mahorais","continent":"Africa ","_id":158,"country":"Mayotte","fips104":"MF","iso2":"YT","iso3":"MYT","ison":175,"internet":"YT","capital":"Mamoutzou "},
{"title":"Mexico","population":101879171,"currency_code":"MXN","currency":"Mexican Peso","nationality_plural":"Mexicans","nationality_singular":"Mexican","continent":"North America ","_id":159,"country":"Mexico","fips104":"MX","iso2":"MX","iso3":"MEX","ison":484,"internet":"MX","capital":"Mexico "},
{"title":"The Federated States of Micronesia","population":134597,"currency_code":"USD","currency":"US Dollar","nationality_plural":"Micronesians","nationality_singular":"Micronesian","continent":"Oceania ","_id":160,"country":"Micronesia, Federated States of","fips104":"FM","iso2":"FM","iso3":"FSM","ison":583,"internet":"FM","capital":"Palikir "},
{"title":"The Midway Islands","population":0,"currency_code":"USD","currency":"United States Dollars","nationality_plural":"","nationality_singular":"","continent":"Oceania ","_id":161,"country":"Midway Islands","fips104":"MQ","iso2":"--","iso3":"-- ","ison":"--","internet":"--","capital":""},
{"title":"Miscellaneous (French)","population":0,"currency_code":"","currency":"","nationality_plural":"","nationality_singular":"","continent":"","_id":162,"country":"Miscellaneous (French)","fips104":"--","iso2":"--","iso3":"-- ","ison":"--","internet":"--","capital":""},
{"title":"Moldova","population":4431570,"currency_code":"MDL","currency":"Moldovan Leu","nationality_plural":"Moldovans","nationality_singular":"Moldovan","continent":"Commonwealth of Independent States ","_id":163,"country":"Moldova","fips104":"MD","iso2":"MD","iso3":"MDA","ison":498,"internet":"MD","capital":"Chisinau "},
{"title":"Monaco","population":31842,"currency_code":"EUR","currency":"Euro","nationality_plural":"Monegasques","nationality_singular":"Monegasque","continent":"Europe ","_id":164,"country":"Monaco","fips104":"MN","iso2":"MC","iso3":"MCO","ison":492,"internet":"MC","capital":"Monaco "},
{"title":"Mongolia","population":2654999,"currency_code":"MNT","currency":"Tugrik","nationality_plural":"Mongolians","nationality_singular":"Mongolian","continent":"Asia ","_id":165,"country":"Mongolia","fips104":"MG","iso2":"MN","iso3":"MNG","ison":496,"internet":"MN","capital":"Ulaanbaatar "},
{"title":"Montenegro","population":0,"currency_code":"","currency":"","nationality_plural":"","nationality_singular":"","continent":"","_id":166,"country":"Montenegro","fips104":"--","iso2":"--","iso3":"-- ","ison":"--","internet":"--","capital":""},
{"title":"Montserrat","population":7574,"currency_code":"XCD","currency":"East Caribbean Dollar","nationality_plural":"Montserratians","nationality_singular":"Montserratian","continent":"Central America and the Caribbean ","_id":167,"country":"Montserrat","fips104":"MH","iso2":"MS","iso3":"MSR","ison":500,"internet":"MS","capital":"Plymouth"},
{"title":"Morocco","population":30645305,"currency_code":"MAD","currency":"Moroccan Dirham","nationality_plural":"Moroccans","nationality_singular":"Moroccan","continent":"Africa ","_id":168,"country":"Morocco","fips104":"MO","iso2":"MA","iso3":"MAR","ison":504,"internet":"MA","capital":"Rabat "},
{"title":"Mozambique","population":19371057,"currency_code":"MZM","currency":"Metical","nationality_plural":"Mozambicans","nationality_singular":"Mozambican","continent":"Africa ","_id":169,"country":"Mozambique","fips104":"MZ","iso2":"MZ","iso3":"MOZ","ison":508,"internet":"MZ","capital":"Maputo "},
{"title":"Myanmar","population":0,"currency_code":"MMK","currency":"Kyat","nationality_plural":"","nationality_singular":"","continent":"","_id":170,"country":"Myanmar","fips104":"--","iso2":"--","iso3":"-- ","ison":"--","internet":"--","capital":""},
{"title":"Namibia","population":1797677,"currency_code":"NAD","currency":"Namibian Dollar ","nationality_plural":"Namibians","nationality_singular":"Namibian","continent":"Africa ","_id":171,"country":"Namibia","fips104":"WA","iso2":"NA","iso3":"NAM","ison":516,"internet":"NA","capital":"Windhoek "},
{"title":"Nauru","population":12088,"currency_code":"AUD","currency":"Australian Dollar","nationality_plural":"Nauruans","nationality_singular":"Nauruan","continent":"Oceania ","_id":172,"country":"Nauru","fips104":"NR","iso2":"NR","iso3":"NRU","ison":520,"internet":"NR","capital":""},
{"title":"Navassa Island","population":0,"currency_code":"","currency":"","nationality_plural":"","nationality_singular":"","continent":"Central America and the Caribbean ","_id":173,"country":"Navassa Island","fips104":"BQ","iso2":"--","iso3":"-- ","ison":"--","internet":"--","capital":""},
{"title":"Nepal","population":25284463,"currency_code":"NPR","currency":"Nepalese Rupee","nationality_plural":"Nepalese","nationality_singular":"Nepalese","continent":"Asia ","_id":174,"country":"Nepal","fips104":"NP","iso2":"NP","iso3":"NPL","ison":524,"internet":"NP","capital":"Kathmandu "},
{"title":"The Netherlands","population":15981472,"currency_code":"EUR","currency":"Euro","nationality_plural":"Dutchmen","nationality_singular":"Dutchman","continent":"Europe ","_id":175,"country":"Netherlands","fips104":"NL","iso2":"NL","iso3":"NLD","ison":528,"internet":"NL","capital":"Amsterdam "},
{"title":"The Netherlands Antilles","population":212226,"currency_code":"ANG","currency":"Netherlands Antillean guilder ","nationality_plural":"Dutch Antilleans","nationality_singular":"Dutch Antillean","continent":"Central America and the Caribbean ","_id":176,"country":"Netherlands Antilles","fips104":"NT","iso2":"AN","iso3":"ANT","ison":530,"internet":"AN","capital":"Willemstad "},
{"title":"New Caledonia","population":204863,"currency_code":"XPF","currency":"CFP Franc","nationality_plural":"New Caledonians","nationality_singular":"New Caledonian","continent":"Oceania ","_id":177,"country":"New Caledonia","fips104":"NC","iso2":"NC","iso3":"NCL","ison":540,"internet":"NC","capital":"Noumea "},
{"title":"New Zealand","population":3864129,"currency_code":"NZD","currency":"New Zealand Dollar","nationality_plural":"New Zealanders","nationality_singular":"New Zealand","continent":"Oceania ","_id":178,"country":"New Zealand","fips104":"NZ","iso2":"NZ","iso3":"NZL","ison":554,"internet":"NZ","capital":"Wellington "},
{"title":"Nicaragua","population":4918393,"currency_code":"NIO","currency":"Cordoba Oro","nationality_plural":"Nicaraguans","nationality_singular":"Nicaraguan","continent":"Central America and the Caribbean ","_id":179,"country":"Nicaragua","fips104":"NU","iso2":"NI","iso3":"NIC","ison":558,"internet":"NI","capital":"Managua "},
{"title":"Niger","population":10355156,"currency_code":"XOF","currency":"CFA Franc BCEAO","nationality_plural":"Nigeriens","nationality_singular":"Nigerien","continent":"Africa ","_id":180,"country":"Niger","fips104":"NG","iso2":"NE","iso3":"NER","ison":562,"internet":"NE","capital":"Niamey "},
{"title":"Nigeria","population":126635626,"currency_code":"NGN","currency":"Naira","nationality_plural":"Nigerians","nationality_singular":"Nigerian","continent":"Africa ","_id":181,"country":"Nigeria","fips104":"NI","iso2":"NG","iso3":"NGA","ison":566,"internet":"NG","capital":"Abuja"},
{"title":"Niue","population":2124,"currency_code":"NZD","currency":"New Zealand Dollar","nationality_plural":"Niueans","nationality_singular":"Niuean","continent":"Oceania ","_id":182,"country":"Niue","fips104":"NE","iso2":"NU","iso3":"NIU","ison":570,"internet":"NU","capital":"Alofi "},
{"title":"Norfolk Island","population":1879,"currency_code":"AUD","currency":"Australian Dollar","nationality_plural":"Norfolk Islanders","nationality_singular":"Norfolk Islander","continent":"Oceania ","_id":183,"country":"Norfolk Island","fips104":"NF","iso2":"NF","iso3":"NFK","ison":574,"internet":"NF","capital":"Kingston "},
{"title":"The Northern Mariana Islands","population":74612,"currency_code":"USD","currency":"US Dollar","nationality_plural":"","nationality_singular":"","continent":"Oceania ","_id":184,"country":"Northern Mariana Islands","fips104":"CQ","iso2":"MP","iso3":"MNP","ison":580,"internet":"MP","capital":"Saipan "},
{"title":"Norway","population":4503440,"currency_code":"NOK","currency":"Norwegian Krone","nationality_plural":"Norwegians","nationality_singular":"Norwegian","continent":"Europe ","_id":185,"country":"Norway","fips104":"NO","iso2":"NO","iso3":"NOR","ison":578,"internet":"NO","capital":"Oslo "},
{"title":"Oman","population":2622198,"currency_code":"OMR","currency":"Rial Omani","nationality_plural":"Omanis","nationality_singular":"Omani","continent":"Middle East ","_id":186,"country":"Oman","fips104":"MU","iso2":"OM","iso3":"OMN","ison":512,"internet":"OM","capital":"Muscat "},
{"title":"Pakistan","population":144616639,"currency_code":"PKR","currency":"Pakistan Rupee","nationality_plural":"Pakistanis","nationality_singular":"Pakistani","continent":"Asia ","_id":187,"country":"Pakistan","fips104":"PK","iso2":"PK","iso3":"PAK","ison":586,"internet":"PK","capital":"Islamabad "},
{"title":"Palau","population":19092,"currency_code":"USD","currency":"US Dollar","nationality_plural":"Palauans","nationality_singular":"Palauan","continent":"Oceania ","_id":188,"country":"Palau","fips104":"PS","iso2":"PW","iso3":"PLW","ison":585,"internet":"PW","capital":"Koror "},
{"title":"Palestine","population":0,"currency_code":"","currency":"","nationality_plural":"","nationality_singular":"","continent":"","_id":275,"country":"Palestinian Territory, Occupied","fips104":"--","iso2":"PS","iso3":"PSE","ison":275,"internet":"PS","capital":""},
{"title":"Palmyra Atoll","population":0,"currency_code":"","currency":"","nationality_plural":"","nationality_singular":"","continent":"Oceania ","_id":189,"country":"Palmyra Atoll","fips104":"LQ","iso2":"--","iso3":"-- ","ison":"--","internet":"--","capital":""},
{"title":"Panama","population":2845647,"currency_code":"PAB","currency":"balboa ","nationality_plural":"Panamanians","nationality_singular":"Panamanian","continent":"Central America and the Caribbean ","_id":190,"country":"Panama","fips104":"PM","iso2":"PA","iso3":"PAN","ison":591,"internet":"PA","capital":"Panama "},
{"title":"Papua New Guinea","population":5049055,"currency_code":"PGK","currency":"Kina","nationality_plural":"Papua New Guineans","nationality_singular":"Papua New Guinean","continent":"Oceania ","_id":191,"country":"Papua New Guinea","fips104":"PP","iso2":"PG","iso3":"PNG","ison":598,"internet":"PG","capital":"Port Moresby "},
{"title":"The Paracel Islands","population":0,"currency_code":"","currency":"","nationality_plural":"","nationality_singular":"","continent":"Southeast Asia ","_id":192,"country":"Paracel Islands","fips104":"PF","iso2":"--","iso3":"-- ","ison":"--","internet":"--","capital":""},
{"title":"Paraguay","population":5734139,"currency_code":"PYG","currency":"Guarani","nationality_plural":"Paraguayans","nationality_singular":"Paraguayan","continent":"South America ","_id":193,"country":"Paraguay","fips104":"PA","iso2":"PY","iso3":"PRY","ison":600,"internet":"PY","capital":"Asuncion "},
{"title":"Peru","population":27483864,"currency_code":"PEN","currency":"Nuevo Sol","nationality_plural":"Peruvians","nationality_singular":"Peruvian","continent":"South America ","_id":194,"country":"Peru","fips104":"PE","iso2":"PE","iso3":"PER","ison":604,"internet":"PE","capital":"Lima "},
{"title":"The Philippines","population":82841518,"currency_code":"PHP","currency":"Philippine Peso","nationality_plural":"Filipinos","nationality_singular":"Philippine","continent":"Southeast Asia ","_id":195,"country":"Philippines","fips104":"RP","iso2":"PH","iso3":"PHL","ison":608,"internet":"PH","capital":"Manila "},
{"title":"The Pitcairn Islands","population":47,"currency_code":"NZD","currency":"New Zealand Dollar","nationality_plural":"Pitcairn Islanders","nationality_singular":"Pitcairn Islander","continent":"Oceania ","_id":196,"country":"Pitcairn Islands","fips104":"PC","iso2":"PN","iso3":"PCN","ison":612,"internet":"PN","capital":"Adamstown "},
{"title":"Poland","population":38633912,"currency_code":"PLN","currency":"Zloty","nationality_plural":"Poles","nationality_singular":"Polish","continent":"Europe ","_id":197,"country":"Poland","fips104":"PL","iso2":"PL","iso3":"POL","ison":616,"internet":"PL","capital":"Warsaw "},
{"title":"Portugal","population":10066253,"currency_code":"EUR","currency":"Euro","nationality_plural":"Portuguese","nationality_singular":"Portuguese","continent":"Europe ","_id":198,"country":"Portugal","fips104":"PO","iso2":"PT","iso3":"PRT","ison":620,"internet":"PT","capital":"Lisbon "},
{"title":"Puerto Rico","population":3937316,"currency_code":"USD","currency":"US Dollar","nationality_plural":"Puerto Ricans","nationality_singular":"Puerto Rican","continent":"Central America and the Caribbean ","_id":199,"country":"Puerto Rico","fips104":"RQ","iso2":"PR","iso3":"PRI","ison":630,"internet":"PR","capital":"San Juan "},
{"title":"Qatar","population":769152,"currency_code":"QAR","currency":"Qatari Rial","nationality_plural":"Qataris","nationality_singular":"Qatari","continent":"Middle East ","_id":200,"country":"Qatar","fips104":"QA","iso2":"QA","iso3":"QAT","ison":634,"internet":"QA","capital":"Doha "},
{"title":"Runion","population":732570,"currency_code":"EUR","currency":"Euro","nationality_plural":"Reunionese","nationality_singular":"Reunionese","continent":"World","_id":201,"country":"Runion","fips104":"RE","iso2":"RE","iso3":"REU","ison":638,"internet":"RE","capital":"Saint-Denis"},
{"title":"Romania","population":22364022,"currency_code":"ROL","currency":"Leu","nationality_plural":"Romanians","nationality_singular":"Romanian","continent":"Europe ","_id":202,"country":"Romania","fips104":"RO","iso2":"RO","iso3":"ROU","ison":642,"internet":"RO","capital":"Bucharest "},
{"title":"Russia","population":145470197,"currency_code":"RUB","currency":"Russian Ruble","nationality_plural":"Russians","nationality_singular":"Russian","continent":"Asia ","_id":203,"country":"Russia","fips104":"RS","iso2":"RU","iso3":"RUS","ison":643,"internet":"RU","capital":"Moscow "},
{"title":"Rwanda","population":7312756,"currency_code":"RWF","currency":"Rwanda Franc","nationality_plural":"Rwandans","nationality_singular":"Rwandan","continent":"Africa ","_id":204,"country":"Rwanda","fips104":"RW","iso2":"RW","iso3":"RWA","ison":646,"internet":"RW","capital":"Kigali "},
{"title":"Saint Helena","population":7266,"currency_code":"SHP","currency":"Saint Helenian Pound ","nationality_plural":"Saint Helenians","nationality_singular":"Saint Helenian","continent":"Africa ","_id":205,"country":"Saint Helena","fips104":"SH","iso2":"SH","iso3":"SHN","ison":654,"internet":"SH","capital":"Jamestown "},
{"title":"Saint Kitts and Nevis","population":38756,"currency_code":"XCD","currency":"East Caribbean Dollar ","nationality_plural":"Kittitians and Nevisians","nationality_singular":"Kittitian and Nevisian","continent":"Central America and the Caribbean ","_id":206,"country":"Saint Kitts and Nevis","fips104":"SC","iso2":"KN","iso3":"KNA","ison":659,"internet":"KN","capital":"Basseterre "},
{"title":"Saint Lucia","population":158178,"currency_code":"XCD","currency":"East Caribbean Dollar ","nationality_plural":"Saint Lucians","nationality_singular":"Saint Lucian","continent":"Central America and the Caribbean ","_id":207,"country":"Saint Lucia","fips104":"ST","iso2":"LC","iso3":"LCA","ison":662,"internet":"LC","capital":"Castries "},
{"title":"Saint Pierre and Miquelon","population":6928,"currency_code":"EUR","currency":"Euro","nationality_plural":"Frenchmen","nationality_singular":"Frenchman","continent":"North America ","_id":208,"country":"Saint Pierre and Miquelon","fips104":"SB","iso2":"PM","iso3":"SPM","ison":666,"internet":"PM","capital":"Saint-Pierre "},
{"title":"Saint Vincent and the Grenadines","population":115942,"currency_code":"XCD","currency":"East Caribbean Dollar ","nationality_plural":"Saint Vincentians","nationality_singular":"Saint Vincentian","continent":"Central America and the Caribbean ","_id":209,"country":"Saint Vincent and the Grenadines","fips104":"VC","iso2":"VC","iso3":"VCT","ison":670,"internet":"VC","capital":"Kingstown "},
{"title":"Samoa","population":179058,"currency_code":"WST","currency":"Tala","nationality_plural":"Samoans","nationality_singular":"Samoan","continent":"Oceania ","_id":210,"country":"Samoa","fips104":"WS","iso2":"WS","iso3":"WSM","ison":882,"internet":"WS","capital":"Apia "},
{"title":"San Marino","population":27336,"currency_code":"EUR","currency":"Euro","nationality_plural":"Sammarinese","nationality_singular":"Sammarinese","continent":"Europe ","_id":211,"country":"San Marino","fips104":"SM","iso2":"SM","iso3":"SMR","ison":674,"internet":"SM","capital":"San Marino "},
{"title":"So Tom and Prncipe","population":165034,"currency_code":"STD","currency":"Dobra","nationality_plural":"Sao Tomeans","nationality_singular":"Sao Tomean","continent":"Africa","_id":212,"country":"So Tom and Prncipe","fips104":"TP","iso2":"ST","iso3":"STP","ison":678,"internet":"ST","capital":"Sao Tome"},
{"title":"Saudi Arabia","population":22757092,"currency_code":"SAR","currency":"Saudi Riyal","nationality_plural":"Saudis","nationality_singular":"Saudi Arabian ","continent":"Middle East ","_id":213,"country":"Saudi Arabia","fips104":"SA","iso2":"SA","iso3":"SAU","ison":682,"internet":"SA","capital":"Riyadh "},
{"title":"Senegal","population":10284929,"currency_code":"XOF","currency":"CFA Franc BCEAO","nationality_plural":"Senegalese","nationality_singular":"Senegalese","continent":"Africa ","_id":214,"country":"Senegal","fips104":"SG","iso2":"SN","iso3":"SEN","ison":686,"internet":"SN","capital":"Dakar "},
{"title":"Serbia","population":0,"currency_code":"","currency":"","nationality_plural":"","nationality_singular":"","continent":"","_id":215,"country":"Serbia","fips104":"--","iso2":"--","iso3":"-- ","ison":"--","internet":"--","capital":""},
{"title":"Serbia and Montenegro","population":0,"currency_code":"","currency":"","nationality_plural":"","nationality_singular":"","continent":"","_id":216,"country":"Serbia and Montenegro","fips104":"--","iso2":"--","iso3":"-- ","ison":"--","internet":"--","capital":""},
{"title":"Seychelles","population":79715,"currency_code":"SCR","currency":"Seychelles Rupee","nationality_plural":"Seychellois","nationality_singular":"Seychellois","continent":"Africa ","_id":217,"country":"Seychelles","fips104":"SE","iso2":"SC","iso3":"SYC","ison":690,"internet":"SC","capital":"Victoria "},
{"title":"Sierra Leone","population":5426618,"currency_code":"SLL","currency":"Leone","nationality_plural":"Sierra Leoneans","nationality_singular":"Sierra Leonean","continent":"Africa ","_id":218,"country":"Sierra Leone","fips104":"SL","iso2":"SL","iso3":"SLE","ison":694,"internet":"SL","capital":"Freetown "},
{"title":"Singapore","population":4300419,"currency_code":"SGD","currency":"Singapore Dollar","nationality_plural":"Singaporeans","nationality_singular":"Singaporeian","continent":"Southeast Asia ","_id":219,"country":"Singapore","fips104":"SN","iso2":"SG","iso3":"SGP","ison":702,"internet":"SG","capital":"Singapore "},
{"title":"Slovakia","population":5414937,"currency_code":"EUR","currency":"Euro","nationality_plural":"Slovaks","nationality_singular":"Slovakian","continent":"Europe ","_id":220,"country":"Slovakia","fips104":"LO","iso2":"SK","iso3":"SVK","ison":703,"internet":"SK","capital":"Bratislava "},
{"title":"Slovenia","population":1930132,"currency_code":"EUR","currency":"Euro","nationality_plural":"Slovenes","nationality_singular":"Slovenian","continent":"Europe ","_id":221,"country":"Slovenia","fips104":"SI","iso2":"SI","iso3":"SVN","ison":705,"internet":"SI","capital":"Ljubljana "},
{"title":"The Solomon Islands","population":480442,"currency_code":"SBD","currency":"Solomon Islands Dollar","nationality_plural":"Solomon Islanders","nationality_singular":"Solomon Islander","continent":"Oceania ","_id":222,"country":"Solomon Islands","fips104":"BP","iso2":"SB","iso3":"SLB","ison":90,"internet":"SB","capital":"Honiara "},
{"title":"Somalia","population":7488773,"currency_code":"SOS","currency":"Somali Shilling","nationality_plural":"Somalis","nationality_singular":"Somali","continent":"Africa ","_id":223,"country":"Somalia","fips104":"SO","iso2":"SO","iso3":"SOM","ison":706,"internet":"SO","capital":"Mogadishu "},
{"title":"South Africa","population":43586097,"currency_code":"ZAR","currency":"Rand","nationality_plural":"South Africans","nationality_singular":"South African","continent":"Africa ","_id":224,"country":"South Africa","fips104":"SF","iso2":"ZA","iso3":"ZAF","ison":710,"internet":"ZA","capital":"Pretoria"},
{"title":"The South Georgia and the South Sandwich Islands","population":0,"currency_code":"GBP","currency":"Pound Sterling","nationality_plural":"","nationality_singular":"","continent":"Antarctic Region ","_id":225,"country":"South Georgia and the South Sandwich Islands","fips104":"SX","iso2":"GS","iso3":"SGS","ison":239,"internet":"GS","capital":""},
{"title":"Spain","population":40037995,"currency_code":"EUR","currency":"Euro","nationality_plural":"Spaniards","nationality_singular":"Spanish","continent":"Europe ","_id":226,"country":"Spain","fips104":"SP","iso2":"ES","iso3":"ESP","ison":724,"internet":"ES","capital":"Madrid "},
{"title":"The Spratly Islands","population":0,"currency_code":"","currency":"","nationality_plural":"","nationality_singular":"","continent":"Southeast Asia ","_id":227,"country":"Spratly Islands","fips104":"PG","iso2":"--","iso3":"-- ","ison":"--","internet":"--","capital":""},
{"title":"Sri Lanka","population":19408635,"currency_code":"LKR","currency":"Sri Lanka Rupee","nationality_plural":"Sri Lankans","nationality_singular":"Sri Lankan","continent":"Asia ","_id":228,"country":"Sri Lanka","fips104":"CE","iso2":"LK","iso3":"LKA","ison":144,"internet":"LK","capital":"Colombo"},
{"title":"Sudan","population":36080373,"currency_code":"SDD","currency":"Sudanese Dinar","nationality_plural":"Sudanese","nationality_singular":"Sudanese","continent":"Africa ","_id":229,"country":"Sudan","fips104":"SU","iso2":"SD","iso3":"SDN","ison":736,"internet":"SD","capital":"Khartoum "},
{"title":"Suriname","population":433998,"currency_code":"SRG","currency":"Suriname Guilder","nationality_plural":"Surinamers","nationality_singular":"Surinamese","continent":"South America ","_id":230,"country":"Suriname","fips104":"NS","iso2":"SR","iso3":"SUR","ison":740,"internet":"SR","capital":"Paramaribo "},
{"title":"Svalbard","population":2332,"currency_code":"NOK","currency":"Norwegian Krone","nationality_plural":"","nationality_singular":"","continent":"Arctic Region ","_id":231,"country":"Svalbard","fips104":"SV","iso2":"SJ","iso3":"SJM","ison":744,"internet":"SJ","capital":"Longyearbyen "},
{"title":"Swaziland","population":1104343,"currency_code":"SZL","currency":"Lilangeni","nationality_plural":"Swazis","nationality_singular":"Swazi","continent":"Africa ","_id":232,"country":"Swaziland","fips104":"WZ","iso2":"SZ","iso3":"SWZ","ison":748,"internet":"SZ","capital":"Mbabane "},
{"title":"Sweden","population":8875053,"currency_code":"SEK","currency":"Swedish Krona","nationality_plural":"Swedes","nationality_singular":"Swedish","continent":"Europe ","_id":233,"country":"Sweden","fips104":"SW","iso2":"SE","iso3":"SWE","ison":752,"internet":"SE","capital":"Stockholm "},
{"title":"Switzerland","population":7283274,"currency_code":"CHF","currency":"Swiss Franc","nationality_plural":"Swiss","nationality_singular":"Swiss","continent":"Europe ","_id":234,"country":"Switzerland","fips104":"SZ","iso2":"CH","iso3":"CHE","ison":756,"internet":"CH","capital":"Bern "},
{"title":"Syria","population":16728808,"currency_code":"SYP","currency":"Syrian Pound","nationality_plural":"Syrians","nationality_singular":"Syrian","continent":"Middle East ","_id":235,"country":"Syria","fips104":"SY","iso2":"SY","iso3":"SYR","ison":760,"internet":"SY","capital":"Damascus "},
{"title":"Taiwan","population":22370461,"currency_code":"TWD","currency":"New Taiwan Dollar","nationality_plural":"Taiwanese","nationality_singular":"Taiwanese","continent":"Southeast Asia ","_id":236,"country":"Taiwan","fips104":"TW","iso2":"TW","iso3":"TWN","ison":158,"internet":"TW","capital":"Taipei "},
{"title":"Tajikistan","population":6578681,"currency_code":"TJS","currency":"Somoni","nationality_plural":"Tajikistanis","nationality_singular":"Tajikistani","continent":"Commonwealth of Independent States ","_id":237,"country":"Tajikistan","fips104":"TI","iso2":"TJ","iso3":"TJK","ison":762,"internet":"TJ","capital":"Dushanbe "},
{"title":"Tanzania","population":36232074,"currency_code":"TZS","currency":"Tanzanian Shilling","nationality_plural":"Tanzanians","nationality_singular":"Tanzanian","continent":"Africa ","_id":238,"country":"Tanzania","fips104":"TZ","iso2":"TZ","iso3":"TZA","ison":834,"internet":"TZ","capital":"Dar es Salaam"},
{"title":"Thailand","population":61797751,"currency_code":"THB","currency":"Baht","nationality_plural":"Thai","nationality_singular":"Thai","continent":"Southeast Asia ","_id":239,"country":"Thailand","fips104":"TH","iso2":"TH","iso3":"THA","ison":764,"internet":"TH","capital":"Bangkok "},
{"title":"The Bahamas","population":297852,"currency_code":"BSD","currency":"Bahamian Dollar ","nationality_plural":"Bahamians","nationality_singular":"Bahamian","continent":"Central America and the Caribbean ","_id":17,"country":"The Bahamas","fips104":"BF","iso2":"BS","iso3":"BHS","ison":44,"internet":"BS","capital":"Nassau "},
{"title":"The Gambia","population":1411205,"currency_code":"GMD","currency":"Dalasi","nationality_plural":"Gambians","nationality_singular":"Gambian","continent":"Africa ","_id":88,"country":"The Gambia","fips104":"GA","iso2":"GM","iso3":"GMB","ison":270,"internet":"GM","capital":"Banjul "},
{"title":"Togo","population":5153088,"currency_code":"XOF","currency":"CFA Franc BCEAO","nationality_plural":"Togolese","nationality_singular":"Togolese","continent":"Africa ","_id":240,"country":"Togo","fips104":"TO","iso2":"TG","iso3":"TGO","ison":768,"internet":"TG","capital":"Lome "},
{"title":"Tokelau","population":1445,"currency_code":"NZD","currency":"New Zealand Dollar","nationality_plural":"Tokelauans","nationality_singular":"Tokelauan","continent":"Oceania ","_id":241,"country":"Tokelau","fips104":"TL","iso2":"TK","iso3":"TKL","ison":772,"internet":"TK","capital":""},
{"title":"Tonga","population":104227,"currency_code":"TOP","currency":"Pa'anga","nationality_plural":"Tongans","nationality_singular":"Tongan","continent":"Oceania ","_id":242,"country":"Tonga","fips104":"TN","iso2":"TO","iso3":"TON","ison":776,"internet":"TO","capital":"Nuku'alofa "},
{"title":"Trinidad and Tobago","population":1169682,"currency_code":"TTD","currency":"Trinidad and Tobago Dollar","nationality_plural":"Trinidadians and Tobagonians","nationality_singular":"Trinidadian and Tobagonian","continent":"Central America and the Caribbean ","_id":243,"country":"Trinidad and Tobago","fips104":"TD","iso2":"TT","iso3":"TTO","ison":780,"internet":"TT","capital":"Port-of-Spain "},
{"title":"Tromelin Island","population":0,"currency_code":"","currency":"","nationality_plural":"","nationality_singular":"","continent":"Africa ","_id":244,"country":"Tromelin Island","fips104":"TE","iso2":"--","iso3":"-- ","ison":"--","internet":"--","capital":""},
{"title":"Tunisia","population":9705102,"currency_code":"TND","currency":"Tunisian Dinar","nationality_plural":"Tunisians","nationality_singular":"Tunisian","continent":"Africa ","_id":245,"country":"Tunisia","fips104":"TS","iso2":"TN","iso3":"TUN","ison":788,"internet":"TN","capital":"Tunis "},
{"title":"Turkey","population":66493970,"currency_code":"TRL","currency":"Turkish Lira","nationality_plural":"Turks","nationality_singular":"Turkish","continent":"Middle East ","_id":246,"country":"Turkey","fips104":"TU","iso2":"TR","iso3":"TUR","ison":792,"internet":"TR","capital":"Ankara "},
{"title":"Turkmenistan","population":4603244,"currency_code":"TMM","currency":"Manat","nationality_plural":"Turkmens","nationality_singular":"Turkmen","continent":"Commonwealth of Independent States ","_id":247,"country":"Turkmenistan","fips104":"TX","iso2":"TM","iso3":"TKM","ison":795,"internet":"TM","capital":"Ashgabat "},
{"title":"The Turks and Caicos Islands","population":18122,"currency_code":"USD","currency":"US Dollar","nationality_plural":"","nationality_singular":"","continent":"Central America and the Caribbean ","_id":248,"country":"Turks and Caicos Islands","fips104":"TK","iso2":"TC","iso3":"TCA","ison":796,"internet":"TC","capital":"Cockburn Town "},
{"title":"Tuvalu","population":10991,"currency_code":"AUD","currency":"Australian Dollar","nationality_plural":"Tuvaluans","nationality_singular":"Tuvaluan","continent":"Oceania ","_id":249,"country":"Tuvalu","fips104":"TV","iso2":"TV","iso3":"TUV","ison":798,"internet":"TV","capital":"Funafuti "},
{"title":"Uganda","population":23985712,"currency_code":"UGX","currency":"Uganda Shilling","nationality_plural":"Ugandans","nationality_singular":"Ugandan","continent":"Africa ","_id":250,"country":"Uganda","fips104":"UG","iso2":"UG","iso3":"UGA","ison":800,"internet":"UG","capital":"Kampala "},
{"title":"The Ukraine","population":48760474,"currency_code":"UAH","currency":"Hryvnia","nationality_plural":"Ukrainians","nationality_singular":"Ukrainian","continent":"Commonwealth of Independent States ","_id":251,"country":"Ukraine","fips104":"UP","iso2":"UA","iso3":"UKR","ison":804,"internet":"UA","capital":"Kiev "},
{"title":"The United Arab Emirates","population":2407460,"currency_code":"AED","currency":"UAE Dirham","nationality_plural":"Emiratis","nationality_singular":"Emirati","continent":"Middle East ","_id":252,"country":"United Arab Emirates","fips104":"AE","iso2":"AE","iso3":"ARE","ison":784,"internet":"AE","capital":"Abu Dhabi "},
{"title":"The United Kingdom","population":59647790,"currency_code":"GBP","currency":"Pound Sterling","nationality_plural":"Britons","nationality_singular":"British","continent":"Europe ","_id":253,"country":"United Kingdom","fips104":"UK","iso2":"GB","iso3":"GBR","ison":826,"internet":"UK","capital":"London "},
{"title":"The United States","population":278058881,"currency_code":"USD","currency":"US Dollar","nationality_plural":"Americans","nationality_singular":"American","continent":"North America ","_id":254,"country":"United States","fips104":"US","iso2":"US","iso3":"USA","ison":840,"internet":"US","capital":"Washington, DC "},
{"title":"The United States Minor Outlying Islands","population":0,"currency_code":"USD","currency":"US Dollar","nationality_plural":"","nationality_singular":"","continent":"","_id":255,"country":"United States Minor Outlying Islands","fips104":"--","iso2":"UM","iso3":"UMI","ison":581,"internet":"UM","capital":""},
{"title":"Uruguay","population":3360105,"currency_code":"UYU","currency":"Peso Uruguayo","nationality_plural":"Uruguayans","nationality_singular":"Uruguayan","continent":"South America ","_id":256,"country":"Uruguay","fips104":"UY","iso2":"UY","iso3":"URY","ison":858,"internet":"UY","capital":"Montevideo "},
{"title":"Uzbekistan","population":25155064,"currency_code":"UZS","currency":"Uzbekistan Sum","nationality_plural":"Uzbekistanis","nationality_singular":"Uzbekistani","continent":"Commonwealth of Independent States ","_id":257,"country":"Uzbekistan","fips104":"UZ","iso2":"UZ","iso3":"UZB","ison":860,"internet":"UZ","capital":"Tashkent"},
{"title":"Vanuatu","population":192910,"currency_code":"VUV","currency":"Vatu","nationality_plural":"Ni-Vanuatu","nationality_singular":"Ni-Vanuatu","continent":"Oceania ","_id":258,"country":"Vanuatu","fips104":"NH","iso2":"VU","iso3":"VUT","ison":548,"internet":"VU","capital":"Port-Vila "},
{"title":"Venezuela","population":23916810,"currency_code":"VEB","currency":"Bolivar","nationality_plural":"Venezuelans","nationality_singular":"Venezuelan","continent":"South America, Central America and the Caribbean ","_id":259,"country":"Venezuela","fips104":"VE","iso2":"VE","iso3":"VEN","ison":862,"internet":"VE","capital":"Caracas "},
{"title":"Vietnam","population":79939014,"currency_code":"VND","currency":"Dong","nationality_plural":"Vietnamese","nationality_singular":"Vietnamese","continent":"Southeast Asia ","_id":260,"country":"Vietnam","fips104":"VM","iso2":"VN","iso3":"VNM","ison":704,"internet":"VN","capital":"Hanoi "},
{"title":"The Virgin Islands","population":122211,"currency_code":"USD","currency":"US Dollar","nationality_plural":"Virgin Islanders","nationality_singular":"Virgin Islander","continent":"Central America and the Caribbean ","_id":261,"country":"Virgin Islands","fips104":"VQ","iso2":"VI","iso3":"VIR","ison":850,"internet":"VI","capital":"Charlotte Amalie "},
{"title":"Virgin Islands (UK)","population":0,"currency_code":"USD","currency":"US Dollar","nationality_plural":"","nationality_singular":"","continent":"","_id":262,"country":"Virgin Islands (UK)","fips104":"--","iso2":"--","iso3":"-- ","ison":"--","internet":"--","capital":""},
{"title":"Virgin Islands (US)","population":0,"currency_code":"USD","currency":"US Dollar","nationality_plural":"","nationality_singular":"","continent":"","_id":263,"country":"Virgin Islands (US)","fips104":"--","iso2":"--","iso3":"-- ","ison":"--","internet":"--","capital":""},
{"title":"Wake Island","population":0,"currency_code":"USD","currency":"US Dollar","nationality_plural":"","nationality_singular":"","continent":"Oceania ","_id":264,"country":"Wake Island","fips104":"WQ","iso2":"--","iso3":"-- ","ison":"--","internet":"--","capital":""},
{"title":"Wallis and Futuna","population":15435,"currency_code":"XPF","currency":"CFP Franc","nationality_plural":"Wallis and Futuna Islanders","nationality_singular":"Wallis and Futuna Islander","continent":"Oceania ","_id":265,"country":"Wallis and Futuna","fips104":"WF","iso2":"WF","iso3":"WLF","ison":876,"internet":"WF","capital":"Mata-Utu"},
{"title":"The West Bank","population":2090713,"currency_code":"ILS","currency":"New Israeli Shekel ","nationality_plural":"","nationality_singular":"","continent":"Middle East ","_id":266,"country":"West Bank","fips104":"WE","iso2":"--","iso3":"-- ","ison":"--","internet":"--","capital":""},
{"title":"Western Sahara","population":250559,"currency_code":"MAD","currency":"Moroccan Dirham","nationality_plural":"Sahrawis","nationality_singular":"Sahrawian","continent":"Africa ","_id":267,"country":"Western Sahara","fips104":"WI","iso2":"EH","iso3":"ESH","ison":732,"internet":"EH","capital":""},
{"title":"Western Samoa","population":0,"currency_code":"WST","currency":"Tala","nationality_plural":"","nationality_singular":"","continent":"","_id":268,"country":"Western Samoa","fips104":"--","iso2":"--","iso3":"-- ","ison":"--","internet":"--","capital":""},
{"title":"The World","population":1862433264,"currency_code":"","currency":"","nationality_plural":"","nationality_singular":"","continent":"World, Time Zones ","_id":269,"country":"World","fips104":"--","iso2":"--","iso3":"-- ","ison":"--","internet":"--","capital":""},
{"title":"Yemen","population":18078035,"currency_code":"YER","currency":"Yemeni Rial","nationality_plural":"Yemenis","nationality_singular":"Yemeni","continent":"Middle East ","_id":270,"country":"Yemen","fips104":"YM","iso2":"YE","iso3":"YEM","ison":887,"internet":"YE","capital":"Sanaa "},
{"title":"Yugoslavia","population":10677290,"currency_code":"YUM","currency":"Yugoslavian Dinar ","nationality_plural":"Serbs","nationality_singular":"Serbian","continent":"Europe ","_id":271,"country":"Yugoslavia","fips104":"YI","iso2":"YU","iso3":"YUG","ison":891,"internet":"YU","capital":"Belgrade "},
{"title":"Zaire","population":0,"currency_code":"","currency":"","nationality_plural":"","nationality_singular":"","continent":"","_id":272,"country":"Zaire","fips104":"--","iso2":"--","iso3":"-- ","ison":"--","internet":"--","capital":""},
{"title":"Zambia","population":9770199,"currency_code":"ZMK","currency":"Kwacha","nationality_plural":"Zambians","nationality_singular":"Zambian","continent":"Africa ","_id":273,"country":"Zambia","fips104":"ZA","iso2":"ZM","iso3":"ZWB","ison":894,"internet":"ZM","capital":"Lusaka "},
{"title":"Zimbabwe","population":11365366,"currency_code":"ZWD","currency":"Zimbabwe Dollar","nationality_plural":"Zimbabweans","nationality_singular":"Zimbabwean","continent":"Africa ","_id":274,"country":"Zimbabwe","fips104":"ZI","iso2":"ZW","iso3":"ZWE","ison":716,"internet":"ZW","capital":"Harare "}]